{"cameraMode":{"drawMode":0,"name":"Shaded","section":"Shading Mode"},"sceneLighting":true,"audioPlay":false,"sceneViewState":{"showFog":true,"showMaterialUpdate":false,"showSkybox":true,"showFlares":true,"showImageEffects":true,"showParticleSystems":true},"in2DMode":false,"pivot":{"x":-5.656598091125488,"y":1.1562094688415528,"z":0.8693747520446777},"rotation":{"x":-0.24930812418460847,"y":-0.11530435085296631,"z":0.02990807220339775,"w":-0.9610799551010132},"size":4.693563461303711,"orthographic":false}