{"cameraMode":{"drawMode":0,"name":"Shaded","section":"Shading Mode"},"sceneLighting":false,"audioPlay":false,"sceneViewState":{"showFog":true,"showMaterialUpdate":false,"showSkybox":false,"showFlares":true,"showImageEffects":true,"showParticleSystems":true},"in2DMode":false,"pivot":{"x":-0.03313121199607849,"y":-0.008885681629180909,"z":-0.040965862572193149},"rotation":{"x":0.0824345201253891,"y":-0.6744866967201233,"z":0.07619283348321915,"w":0.729705810546875},"size":0.1708398461341858,"orthographic":false}