{"cameraMode":{"drawMode":0,"name":"Shaded","section":"Shading Mode"},"sceneLighting":true,"audioPlay":false,"sceneViewState":{"showFog":true,"showMaterialUpdate":false,"showSkybox":true,"showFlares":true,"showImageEffects":true,"showParticleSystems":true},"in2DMode":false,"pivot":{"x":-0.2951218783855438,"y":1.6756234169006348,"z":-2.3051531314849855},"rotation":{"x":-0.0004437157476786524,"y":-0.9994905591011047,"z":0.027890829369425775,"w":-0.01588146761059761},"size":1.746556282043457,"orthographic":false}