{"cameraMode":{"drawMode":0,"name":"Shaded","section":"Shading Mode"},"sceneLighting":true,"audioPlay":false,"sceneViewState":{"showFog":true,"showMaterialUpdate":false,"showSkybox":false,"showFlares":true,"showImageEffects":true,"showParticleSystems":true},"in2DMode":false,"pivot":{"x":-3.5515928268432619,"y":5.304903984069824,"z":4.823943138122559},"rotation":{"x":-0.11310278624296189,"y":-0.8801327347755432,"z":0.37887656688690188,"w":-0.2627410292625427},"size":1.8178935050964356,"orthographic":false}