{"cameraMode":{"drawMode":0,"name":"Shaded","section":"Shading Mode"},"sceneLighting":false,"audioPlay":false,"sceneViewState":{"showFog":true,"showMaterialUpdate":false,"showSkybox":false,"showFlares":true,"showImageEffects":true,"showParticleSystems":true},"in2DMode":false,"pivot":{"x":0.06355917453765869,"y":0.04603472352027893,"z":-0.016874253749847413},"rotation":{"x":-0.2512708604335785,"y":-0.13391606509685517,"z":0.03508765250444412,"w":-0.9580091834068298},"size":0.3200610280036926,"orthographic":false}