{"cameraMode":{"drawMode":0,"name":"Shaded","section":"Shading Mode"},"sceneLighting":true,"audioPlay":false,"sceneViewState":{"showFog":true,"showMaterialUpdate":false,"showSkybox":true,"showFlares":true,"showImageEffects":true,"showParticleSystems":true},"in2DMode":false,"pivot":{"x":0.1321226954460144,"y":1.5718337297439576,"z":0.2379312515258789},"rotation":{"x":-0.003919924609363079,"y":-0.9937465190887451,"z":-0.03697500005364418,"w":0.10533822327852249},"size":1.629903793334961,"orthographic":false}