{"cameraMode":{"drawMode":0,"name":"Shaded","section":"Shading Mode"},"sceneLighting":false,"audioPlay":false,"sceneViewState":{"showFog":true,"showMaterialUpdate":false,"showSkybox":false,"showFlares":true,"showImageEffects":true,"showParticleSystems":true},"in2DMode":false,"pivot":{"x":-13.846807479858399,"y":1.3230628967285157,"z":1.1656789779663087},"rotation":{"x":0.16719891130924226,"y":-0.006500621326267719,"z":0.0011010731104761363,"w":0.9859057664871216},"size":0.2209705114364624,"orthographic":true}