{"cameraMode":{"drawMode":0,"name":"Shaded","section":"Shading Mode"},"sceneLighting":false,"audioPlay":false,"sceneViewState":{"showFog":true,"showMaterialUpdate":false,"showSkybox":false,"showFlares":true,"showImageEffects":true,"showParticleSystems":true},"in2DMode":false,"pivot":{"x":-2.0780282020568849,"y":0.1778319776058197,"z":0.02651238813996315},"rotation":{"x":0.16261856257915498,"y":0.41139569878578188,"z":-0.07485880702733994,"w":0.8937079310417175},"size":0.5071371793746948,"orthographic":true}