{"cameraMode":{"drawMode":0,"name":"Shaded","section":"Shading Mode"},"sceneLighting":true,"audioPlay":false,"sceneViewState":{"showFog":true,"showMaterialUpdate":false,"showSkybox":false,"showFlares":true,"showImageEffects":true,"showParticleSystems":true},"in2DMode":false,"pivot":{"x":-1.0514750480651856,"y":4.304006099700928,"z":2.9909582138061525},"rotation":{"x":-0.11310278624296189,"y":-0.8801327347755432,"z":0.37887656688690188,"w":-0.2627410292625427},"size":3.851710081100464,"orthographic":false}