{"cameraMode":{"drawMode":0,"name":"Shaded","section":"Shading Mode"},"sceneLighting":false,"audioPlay":false,"sceneViewState":{"showFog":true,"showMaterialUpdate":false,"showSkybox":false,"showFlares":true,"showImageEffects":true,"showParticleSystems":true},"in2DMode":false,"pivot":{"x":0.2410302460193634,"y":0.19940203428268434,"z":0.166474848985672},"rotation":{"x":-0.017928583547472955,"y":0.08836080878973007,"z":-0.0015938521828502417,"w":-0.9959331750869751},"size":0.2155187427997589,"orthographic":false}