{"cameraMode":{"drawMode":0,"name":"Shaded","section":"Shading Mode"},"sceneLighting":true,"audioPlay":false,"sceneViewState":{"showFog":true,"showMaterialUpdate":false,"showSkybox":false,"showFlares":true,"showImageEffects":true,"showParticleSystems":true},"in2DMode":false,"pivot":{"x":-3.8289456367492677,"y":1.9767042398452759,"z":1.5205659866333008},"rotation":{"x":0.2688891291618347,"y":-0.1215297281742096,"z":0.03422045335173607,"w":0.9548629522323608},"size":1.3362929821014405,"orthographic":false}