{"cameraMode":{"drawMode":0,"name":"Shaded","section":"Shading Mode"},"sceneLighting":false,"audioPlay":false,"sceneViewState":{"showFog":true,"showMaterialUpdate":false,"showSkybox":false,"showFlares":true,"showImageEffects":true,"showParticleSystems":true},"in2DMode":false,"pivot":{"x":-0.4801868200302124,"y":0.04800941050052643,"z":-0.21603460609912873},"rotation":{"x":0.050179313868284228,"y":-0.8972194790840149,"z":0.10573866963386536,"w":0.42580389976501467},"size":1.2412524223327637,"orthographic":false}