{"cameraMode":{"drawMode":0,"name":"Shaded","section":"Shading Mode"},"sceneLighting":false,"audioPlay":false,"sceneViewState":{"showFog":true,"showMaterialUpdate":false,"showSkybox":false,"showFlares":true,"showImageEffects":true,"showParticleSystems":true},"in2DMode":false,"pivot":{"x":-5.747314453125,"y":4.9215087890625,"z":2.11383056640625},"rotation":{"x":0.16261856257915498,"y":0.41139569878578188,"z":-0.07485880702733994,"w":0.8937079310417175},"size":0.447629451751709,"orthographic":true}