{"cameraMode":{"drawMode":0,"name":"Shaded","section":"Shading Mode"},"sceneLighting":false,"audioPlay":false,"sceneViewState":{"showFog":true,"showMaterialUpdate":false,"showSkybox":false,"showFlares":true,"showImageEffects":true,"showParticleSystems":true},"in2DMode":false,"pivot":{"x":-0.12386249005794525,"y":-0.047645941376686099,"z":-0.015537921339273453},"rotation":{"x":0.15654289722442628,"y":-0.6814480423927307,"z":0.15273399651050569,"w":0.6984262466430664},"size":0.7840931415557861,"orthographic":false}