{"cameraMode":{"drawMode":0,"name":"Shaded","section":"Shading Mode"},"sceneLighting":true,"audioPlay":false,"sceneViewState":{"showFog":true,"showMaterialUpdate":false,"showSkybox":true,"showFlares":true,"showImageEffects":true,"showParticleSystems":true},"in2DMode":false,"pivot":{"x":-1.623809814453125,"y":-2.660400390625,"z":1.931884765625},"rotation":{"x":0.5507720708847046,"y":0.020782478153705598,"z":-0.013722674921154976,"w":0.8342891931533814},"size":1.8431739807128907,"orthographic":true}