{"cameraMode":{"drawMode":0,"name":"Shaded","section":"Shading Mode"},"sceneLighting":true,"audioPlay":false,"sceneViewState":{"showFog":true,"showMaterialUpdate":false,"showSkybox":true,"showFlares":true,"showImageEffects":true,"showParticleSystems":true},"in2DMode":false,"pivot":{"x":0.7616207599639893,"y":-5.201534271240234,"z":7.258020401000977},"rotation":{"x":-0.3368505835533142,"y":-0.03473474085330963,"z":0.01243793498724699,"w":-0.940847635269165},"size":7.83935022354126,"orthographic":false}