{"cameraMode":{"drawMode":0,"name":"Shaded","section":"Shading Mode"},"sceneLighting":false,"audioPlay":false,"sceneViewState":{"showFog":true,"showMaterialUpdate":false,"showSkybox":false,"showFlares":true,"showImageEffects":true,"showParticleSystems":true},"in2DMode":false,"pivot":{"x":0.001230478286743164,"y":0.0022072643041610719,"z":0.02416907250881195},"rotation":{"x":-0.126656636595726,"y":0.8583502173423767,"z":-0.25456610321998598,"w":-0.4270889163017273},"size":0.1330125331878662,"orthographic":false}