{"cameraMode":{"drawMode":0,"name":"Shaded","section":"Shading Mode"},"sceneLighting":false,"audioPlay":false,"sceneViewState":{"showFog":true,"showMaterialUpdate":false,"showSkybox":false,"showFlares":true,"showImageEffects":true,"showParticleSystems":true},"in2DMode":false,"pivot":{"x":-0.004902586340904236,"y":-0.018427714705467225,"z":0.11675256490707398},"rotation":{"x":0.14578498899936677,"y":-0.4689794182777405,"z":0.0788077712059021,"w":0.8675242066383362},"size":0.14975935220718385,"orthographic":false}