{"cameraMode":{"drawMode":0,"name":"Shaded","section":"Shading Mode"},"sceneLighting":false,"audioPlay":false,"sceneViewState":{"showFog":true,"showMaterialUpdate":false,"showSkybox":false,"showFlares":true,"showImageEffects":true,"showParticleSystems":true},"in2DMode":false,"pivot":{"x":0.6792290210723877,"y":3.215641975402832,"z":-2.1339616775512697},"rotation":{"x":-0.0472276471555233,"y":-0.9506568312644959,"z":0.1818445473909378,"w":-0.246900737285614},"size":4.500017166137695,"orthographic":false}