{"cameraMode":{"drawMode":0,"name":"Shaded","section":"Shading Mode"},"sceneLighting":false,"audioPlay":false,"sceneViewState":{"showFog":true,"showMaterialUpdate":false,"showSkybox":false,"showFlares":true,"showImageEffects":true,"showParticleSystems":true},"in2DMode":false,"pivot":{"x":-2.0780282020568849,"y":0.1778319776058197,"z":0.02651238813996315},"rotation":{"x":0.16719891130924226,"y":-0.006500621326267719,"z":0.0011010731104761363,"w":0.9859057664871216},"size":0.5071371793746948,"orthographic":true}