{"cameraMode":{"drawMode":0,"name":"Shaded","section":"Shading Mode"},"sceneLighting":true,"audioPlay":false,"sceneViewState":{"showFog":true,"showMaterialUpdate":false,"showSkybox":true,"showFlares":true,"showImageEffects":true,"showParticleSystems":true},"in2DMode":false,"pivot":{"x":-0.5618574619293213,"y":-2.3371362686157228,"z":0.29917097091674807},"rotation":{"x":-0.4416494071483612,"y":0.01667461358010769,"z":-0.008292734622955323,"w":-0.8970432281494141},"size":2.1984703540802,"orthographic":false}