{"cameraMode":{"drawMode":0,"name":"Shaded","section":"Shading Mode"},"sceneLighting":false,"audioPlay":false,"sceneViewState":{"showFog":true,"showMaterialUpdate":false,"showSkybox":false,"showFlares":true,"showImageEffects":true,"showParticleSystems":true},"in2DMode":false,"pivot":{"x":-5.475005149841309,"y":5.19909143447876,"z":1.9563796520233155},"rotation":{"x":0.16261856257915498,"y":0.41139569878578188,"z":-0.07485880702733994,"w":0.8937079310417175},"size":0.14762955904006959,"orthographic":false}