{"cameraMode":{"drawMode":0,"name":"Shaded","section":"Shading Mode"},"sceneLighting":false,"audioPlay":false,"sceneViewState":{"showFog":true,"showMaterialUpdate":false,"showSkybox":false,"showFlares":true,"showImageEffects":true,"showParticleSystems":true},"in2DMode":false,"pivot":{"x":-0.12692910432815553,"y":0.0,"z":-0.09908592700958252},"rotation":{"x":0.14195071160793305,"y":0.2279462367296219,"z":-0.03361145034432411,"w":0.9626842737197876},"size":1.1582900285720826,"orthographic":false}